Talker,Vowel,Token,Gender,F0_gm,F1_gm,F2_gm,F3_gm
E1,iy1,1,male,124.339691990535,253.687312106532,2075.06538325928,2853.76263272372
E1,iy1,2,male,127.612368650881,270.940199938298,2096.37637568741,2824.82254550214
E1,iy1,3,male,122.831285964622,264.038166000699,2061.68243546632,2816.57435000745
E1,iy1,4,male,124.847714608341,279.14321492877,2064.90636179018,2714.70155770098
E1,iy1,5,male,124.178782699703,282.043292741035,1951.93957680057,2656.63789288627
E1,iy1,6,male,126.503447044764,277.345176921457,2099.12595544411,2755.47843661235
E1,iy1,7,male,123.607804302854,278.740485211196,2081.65418233087,2741.82461673471
E1,iy1,8,male,126.062205797799,276.128770461737,2002.35435375376,2756.52762299742
E1,iy1,9,male,127.601804263582,280.40525783124,2088.37675609833,2819.53668708896
E1,ih1,1,male,117.397769219419,418.858656802324,1821.55159599848,2564.27269039839
E1,ih1,2,male,126.724487565982,369.444879935611,1707.40808671399,2491.55327983578
E1,ih1,3,male,117.731986070317,362.530710151822,1649.67037845076,2518.4094000339
E1,ih1,4,male,119.745426711929,349.694955406759,1694.38850504251,2640.44336890519
E1,ih1,5,male,117.301508483334,389.820294785985,1576.35305348915,2437.24398867397
E1,ih1,6,male,126.357611076655,377.331313175661,1645.82171821604,2557.98586166348
E1,ih1,7,male,121.090646258906,396.227411959565,1715.20813511446,2563.41957898726
E1,ih1,8,male,123.68868426462,385.053836394165,1639.03371344367,2583.69862030108
E1,ih1,9,male,121.457795409503,370.104470889832,1856.66632346346,2642.2553591633
E1,eh1,1,male,117.583257872523,526.816733497004,1597.40563149963,2516.13889384832
E1,eh1,2,male,115.484384912574,469.69804045831,1570.87551434839,2469.33288502274
E1,eh1,3,male,118.178236145434,473.799236382913,1543.99320452581,2362.55546810696
E1,eh1,4,male,114.833577819249,487.099153267863,1586.60075408258,2499.22735132002
E1,eh1,5,male,116.923255629214,461.14662139221,1533.78387687288,2338.45004828385
E1,eh1,6,male,128.531116745729,499.698339231883,1535.20889143734,2386.32873878556
E1,eh1,7,male,113.197396686841,529.242078679811,1575.6400231042,2486.56233102516
E1,eh1,8,male,121.223319713967,449.518713590332,1533.93430817426,2447.62473468882
E1,eh1,9,male,117.561738428787,449.334549106767,1554.4126549073,2387.96914858548
E1,ae1,1,male,112.407879321737,658.394558467438,1555.07587769398,2485.04983643055
E1,ae1,2,male,110.631498052771,580.30388630443,1530.97956670511,2434.26301624927
E1,ae1,3,male,116.088402740126,589.232909716623,1524.01171558171,2486.3813848247
E1,ae1,4,male,113.061812467707,566.419739332527,1535.92420149349,2444.07677731209
E1,ae1,5,male,120.35611767961,462.36582658836,1538.45969530957,2434.37392819001
E1,ae1,6,male,115.723623443804,589.991594768511,1521.96981076733,2282.67013780544
E1,ae1,7,male,118.797806164961,589.511057993232,1548.76683069835,2405.24910754611
E1,ae1,8,male,116.800885328619,578.772634562866,1533.07217884953,2356.93302493014
E1,ae1,9,male,111.496496522111,582.955885513604,1546.74834364665,2419.0890798563
E1,ah1,1,male,120.928289696406,520.941454297859,1119.83024457509,2332.78717992383
E1,ah1,2,male,117.144014216257,514.517737087118,1202.79130924369,2379.64361862703
E1,ah1,3,male,125.279214737422,525.491098233434,1108.66617505592,2303.03163362101
E1,ah1,4,male,132.147153661944,507.842031892766,1188.50255448355,2432.93768841246
E1,ah1,5,male,125.972854047899,445.836049739621,1219.28820507084,2398.84337269909
E1,ah1,6,male,132.450664322969,506.099246148254,1215.65376233041,2432.62772357123
E1,ah1,7,male,127.904313600155,498.57378846507,1219.90263836958,2539.33805388269
E1,ah1,8,male,131.099898049407,489.216938002733,1219.03546912418,2433.9823744806
E1,ah1,9,male,129.941250958998,512.95521682253,1205.28636434678,2396.20037767007
E1,uh1,1,male,119.287745280814,365.682707995156,1232.41468025185,2377.94089501819
E1,uh1,2,male,116.604486461169,441.011363153374,1292.09955901252,2420.47164382668
E1,uh1,3,male,116.763988988187,375.431399323177,1213.71497465873,2352.91485980396
E1,uh1,4,male,118.389061925632,406.185227403131,1263.96596506434,2382.79657564714
E1,uh1,5,male,120.265626042541,391.541409698066,1210.15543165609,2387.13007441896
E1,uh1,6,male,127.33621435007,383.070456279247,1140.11628503243,2271.55160157388
E1,uh1,7,male,122.094669144462,366.106814511245,1293.16077402711,2401.81015900298
E1,uh1,8,male,126.563037655076,399.836895975467,1262.34938562122,2426.35616044245
E1,uh1,9,male,126.745157107467,398.914088785358,1281.56365443457,2294.31312534523
E1,uw1,1,male,123.34254745509,305.90057455197,1127.91067648992,2166.37520772954
E1,uw1,2,male,121.097780022033,319.274754298498,1114.32460339693,2193.83027572606
E1,uw1,3,male,121.333217427275,303.498337383838,1248.79473131413,2122.61024657004
E1,uw1,4,male,124.044210704811,318.088761315869,1451.59638883981,2120.99791906494
E1,uw1,5,male,126.723733995734,317.376070133903,1186.66050515476,2034.99074223476
E1,uw1,6,male,127.167150431653,298.432188850795,1156.39945519961,2093.75769501041
E1,uw1,7,male,127.945246215367,305.636794226979,1090.71592445933,2025.25035832692
E1,uw1,8,male,128.78875133303,303.717504066856,1092.33934311944,2040.37146676456
E1,uw1,9,male,131.108985379475,304.868052686021,1206.08677592219,2262.3811950166
E1,aa1,1,male,111.331160088694,614.63878728656,1158.4678126419,2250.62381863868
E1,aa1,2,male,110.190059672561,535.823249043272,1224.2066181699,2203.95839887883
E1,aa1,3,male,112.078217617914,598.361028036315,1148.7778292901,2177.61189376543
E1,aa1,4,male,106.2490871374,641.649156095397,1192.75655927709,2208.94732352881
E1,aa1,5,male,107.904259751657,668.67137815425,1163.56957319375,2314.19675614569
E1,aa1,6,male,110.125128052123,614.760535397574,1203.55431308487,2248.48932802419
E1,aa1,7,male,109.957252036943,603.130718946132,1189.26091832014,2233.89289686956
E1,aa1,8,male,113.33260190253,659.717336006001,1205.09945533451,2259.63286142798
E1,aa1,9,male,114.018796382638,659.983435806733,1200.17043219486,2295.86078134869
E2,iy1,1,female,252.787099623578,391.897797370493,2947.82087788219,3442.04667186506
E2,iy1,2,female,244.159076783802,398.143252521467,2939.09868225383,3347.50495388598
E2,iy1,3,female,267.946916249232,381.680234795191,2910.34266319868,3312.73392799042
E2,iy1,4,female,260.245707825221,373.947741037717,2959.98484403823,3293.50943523161
E2,iy1,5,female,260.938587222624,451.571340084009,2910.35229133888,3346.44465959338
E2,iy1,6,female,241.459275941668,475.159462051386,2883.85729068611,3343.54505350772
E2,iy1,7,female,242.439756402886,462.824344772321,2889.89778682293,3230.13518819558
E2,iy1,8,female,262.801492142352,404.802146459902,2864.1848310574,3431.78059858518
E2,iy1,9,female,260.465841931052,345.908809144384,2896.5378531554,3221.60700021293
E2,ih1,1,female,231.153849170433,625.136667932914,2331.87939740622,3048.87539794025
E2,ih1,2,female,237.437882629922,575.247318942191,2409.04482509976,3064.5659468572
E2,ih1,3,female,238.823690592497,628.149703473223,2370.23428841346,3071.87653239731
E2,ih1,4,female,229.459455582304,614.964905145463,2313.6485263574,3099.84085691955
E2,ih1,5,female,221.363723065819,623.398065019886,2337.48284748666,3031.92245468763
E2,ih1,6,female,223.532349237341,639.688944324432,2444.39620866202,3137.66196535114
E2,ih1,7,female,236.134679116483,572.306528496924,2328.74427761737,2366.45411798315
E2,ih1,8,female,244.756950518365,547.633639918559,2275.68300153719,3188.97312430947
E2,ih1,9,female,228.597903893936,593.847341888746,2308.09683522033,2559.98077720939
E2,eh1,1,female,221.948558845278,734.377274960076,2068.70568385419,2496.29666469993
E2,eh1,2,female,222.09018935479,764.096931211229,2046.95586752601,2493.7634880391
E2,eh1,3,female,212.730749755482,704.869827196349,1947.81401834354,2614.71520248421
E2,eh1,4,female,213.609920136499,725.304843411183,2094.87699620433,3024.96709856021
E2,eh1,5,female,211.467494976763,748.608277734654,1938.14666439025,2272.75749646673
E2,eh1,6,female,207.264370186921,720.806266269738,2078.34777096027,2366.55752488307
E2,eh1,7,female,211.528701574634,744.102600414809,1946.39816517078,2121.41553918449
E2,eh1,8,female,216.223050053432,703.449426699995,2024.42122228493,2216.75258485959
E2,eh1,9,female,198.659937246823,745.458544077999,2028.88519527859,2365.85010807219
E2,ae1,1,female,106.593170168332,870.937279528497,1772.11966454406,1832.60659424983
E2,ae1,2,female,210.502719017824,825.63648636935,1686.45063448707,2802.46945066429
E2,ae1,3,female,223.414315075852,802.315261682552,1823.38813106973,1878.39026894076
E2,ae1,4,female,219.113273789135,868.57549009779,1893.6216401127,1951.64369077241
E2,ae1,5,female,221.364614488144,877.763461687235,1945.50613266611,1979.59503167074
E2,ae1,6,female,209.539567940097,847.796202214963,1794.07171755956,1942.83915265955
E2,ae1,7,female,211.739598662453,836.016428163134,1725.39625015934,2404.56553022536
E2,ae1,8,female,219.120476959199,802.640718127516,1907.86026528892,2334.23740770515
E2,ae1,9,female,233.466989199816,824.330799727107,1657.91248992733,2310.12885833655
E2,ah1,1,female,267.52516785457,842.613597015128,1636.99746595492,2463.47308804885
E2,ah1,2,female,302.313536285882,864.676554494098,1763.63627582258,2197.61537416396
E2,ah1,3,female,254.261188583711,859.436933476683,1579.04170338211,2441.73004792852
E2,ah1,4,female,246.502367553872,849.951952658243,1685.69625002887,2735.56009303926
E2,ah1,5,female,257.143448626553,823.754093404769,1688.24334705514,2474.34958831481
E2,ah1,6,female,276.66331522598,812.52575635173,1712.08809322245,2576.25236668332
E2,ah1,7,female,240.495739247477,836.743068167771,1666.52948088042,2255.02694653912
E2,ah1,8,female,222.851158506659,761.002482855222,1776.67437811417,2011.77628977128
E2,ah1,9,female,244.509176270434,844.314056656362,1624.14889278426,1752.81536098025
E2,uh1,1,female,234.274904166255,610.210435912324,1637.50041362934,2868.65877752249
E2,uh1,2,female,237.849036141986,644.751798442721,1630.01299552638,2869.31449837285
E2,uh1,3,female,256.693461272417,604.928065687386,1658.16402810274,2851.33794041523
E2,uh1,4,female,249.157470813716,635.117386749641,1549.28257280746,2886.85046555753
E2,uh1,5,female,221.853257423776,599.56070922579,1641.51347896585,2750.64976526784
E2,uh1,6,female,227.695498892701,582.02814787413,1731.19472249766,2781.77180209743
E2,uh1,7,female,227.304410416241,599.702419248245,1603.54538338293,2751.76624989954
E2,uh1,8,female,224.308600001799,644.731725882738,1696.65940417622,2874.50963177366
E2,uh1,9,female,223.361896397915,605.153669842093,1672.12768224388,2841.95679209223
E2,uw1,1,female,271.393968489614,337.834758643303,1091.93131838992,2785.71539202729
E2,uw1,2,female,261.862053139473,394.031292812528,1243.64119643357,2799.79684416791
E2,uw1,3,female,270.44813045145,295.901450658151,1129.10992456592,2779.16047719901
E2,uw1,4,female,277.651187547427,332.979293894343,1110.91872289201,2925.38537392291
E2,uw1,5,female,262.607941864493,383.77082049717,1355.56541303127,2814.36378615197
E2,uw1,6,female,244.749208328864,409.47811623915,1418.26071983447,2914.59907312279
E2,uw1,7,female,283.054735190423,335.323670486889,1260.98993829889,2826.28389093782
E2,uw1,8,female,264.708087644257,384.463139392442,1364.51249108828,2899.47527840203
E2,uw1,9,female,242.067789587614,417.768113645843,1482.34764042104,2899.87133260225
E2,aa1,1,female,219.587032640476,775.717553364773,1365.79150027137,3034.02570124416
E2,aa1,2,female,224.267377635196,761.96071551307,1345.20251227218,1816.42457530271
E2,aa1,3,female,210.027495320677,790.90317724371,1243.71520866097,2640.18573091278
E2,aa1,4,female,216.53035760663,777.3860084627,1331.10856000303,2365.07289343984
E2,aa1,5,female,216.18389367211,780.699575356107,1328.51592040499,2173.13902870376
E2,aa1,6,female,222.647730012015,763.160369249257,1349.21724045488,2273.78733269097
E2,aa1,7,female,215.988480546789,793.719999598936,1351.25143683018,2338.88467912405
E2,aa1,8,female,205.636887384812,798.481156910054,1335.45321315861,2484.93873536571
E2,aa1,9,female,218.518560215697,768.322360118503,1335.48793485378,2262.02447701634
E3,iy1,1,male,168.391275516397,324.362394621918,2278.01378818133,2649.04153387297
E3,iy1,2,male,162.933856233985,329.747416271274,2161.78951370573,3063.86858813244
E3,iy1,3,male,152.52731454324,315.845206901674,2406.2382502801,3181.0046028234
E3,iy1,4,male,158.685882036957,329.99018386585,1810.39987375098,2871.87366801518
E3,iy1,5,male,162.641715576355,313.44016229177,1658.5637042314,2635.56212158326
E3,iy1,6,male,152.064088578882,316.100602446666,2491.19411813201,3101.12033696938
E3,iy1,7,male,148.51298816035,341.595705290177,2362.3421111471,2979.98524204271
E3,iy1,8,male,168.817086260119,326.005537354718,2356.553911019,2818.52998595732
E3,iy1,9,male,152.502447790375,323.129833874571,2402.70050619706,3056.4395342393
E3,ih1,1,male,153.37706643808,475.64352686357,1801.66157210202,2098.61812725888
E3,ih1,2,male,144.758670692019,529.038466710453,1869.86605377681,2743.22023827523
E3,ih1,3,male,144.01610457643,510.104024856793,1903.69334030443,2784.45954068875
E3,ih1,4,male,146.220578870998,488.074774617855,1958.76865103666,2765.70723783081
E3,ih1,5,male,153.004057205884,479.096237593679,1931.34645468913,2812.11113526711
E3,ih1,6,male,144.043726286702,554.189648641121,1978.5280967366,2890.2205174834
E3,ih1,7,male,140.748583499892,546.651354220738,1770.47425003233,2709.80741283278
E3,ih1,8,male,150.366562462331,475.210497802642,2030.61843687829,2767.80189517538
E3,ih1,9,male,140.585993166976,524.988207094863,1974.01618258128,2784.65564387554
E3,eh1,1,male,141.637894728652,621.708268405627,1929.90469392194,2794.07059780857
E3,eh1,2,male,136.035423622104,656.379293249457,1818.20138012453,2750.71529446502
E3,eh1,3,male,134.46518206593,655.34322848735,1845.0154223893,2786.40146432709
E3,eh1,4,male,141.834400676937,656.260603655796,1885.89180344777,2725.52719559501
E3,eh1,5,male,138.769053063269,660.8725086792,1794.03255560421,2790.37299883209
E3,eh1,6,male,142.811257962618,651.761368235461,1852.16774208745,2755.94094920154
E3,eh1,7,male,135.731835494387,667.475594776262,1817.20495233196,2737.4547614947
E3,eh1,8,male,137.256826916975,661.460770563876,1818.3834067162,2770.33146622792
E3,eh1,9,male,136.277984983778,659.477596467932,1852.17201277195,2820.46139891514
E3,ae1,1,male,141.885410429424,716.54473046267,1473.23676145234,2335.7123504715
E3,ae1,2,male,137.030257376188,716.381628556557,816.718770916037,1815.20869297074
E3,ae1,3,male,141.527344944413,716.994325674503,1584.12866990509,2586.78780833235
E3,ae1,4,male,135.250095333385,730.065065922206,1772.37981861991,2708.11951395159
E3,ae1,5,male,138.578833483529,706.738539375643,1761.24399919114,2712.01512078154
E3,ae1,6,male,135.266659392601,694.71478996715,1257.66766369723,2126.69725083994
E3,ae1,7,male,136.544302051912,732.805084652563,1113.70169864853,2046.89431621606
E3,ae1,8,male,134.121872804995,699.208994340513,1741.80964504685,2587.63558155434
E3,ae1,9,male,132.325607691557,681.741833708193,1761.3845053886,2663.91265648133
E3,ah1,1,male,134.935924088271,651.530790467739,1347.84215845139,2569.03930184037
E3,ah1,2,male,136.233223356983,667.021029379681,1277.89239296116,2581.83368899598
E3,ah1,3,male,138.797540632316,655.709166935529,1325.11592600393,2626.2587967662
E3,ah1,4,male,141.016985751943,698.758035464103,1306.89877003348,2643.01719851394
E3,ah1,5,male,138.110390317633,642.496954235428,1355.26674151541,2570.96005868453
E3,ah1,6,male,139.86677162701,658.667318627337,1336.25135054315,2601.17830948359
E3,ah1,7,male,140.433387575298,674.958853914812,1338.67353095737,2632.52875274911
E3,ah1,8,male,133.57530123876,659.731595072458,1292.67576315227,2561.82543985819
E3,ah1,9,male,139.132271066397,673.020817901793,1298.52503352676,2595.2946624508
E3,uh1,1,male,138.152004984346,549.025442103326,1322.701536313,2508.44981098962
E3,uh1,2,male,136.284014061957,515.528245451497,1320.29184184834,2530.37428363058
E3,uh1,3,male,143.839885886192,513.831488225622,1227.12811748063,2033.52472742102
E3,uh1,4,male,138.471122130953,512.346623258834,1338.37970287581,2546.63093298817
E3,uh1,5,male,134.544551825842,524.513631357664,1402.07302259572,2484.97976199125
E3,uh1,6,male,138.503664355196,510.311511155938,1272.76314083543,2400.85499662287
E3,uh1,7,male,136.728725764047,547.852240264265,1298.15430659,2529.21823284008
E3,uh1,8,male,134.306911147103,521.662020157842,1338.08697438179,2487.6346659113
E3,uh1,9,male,141.181352506116,525.227279836418,1371.53461660499,2567.64604568414
E3,uw1,1,male,140.583664352059,382.633400686076,1121.28222821253,2566.96953670198
E3,uw1,2,male,145.589262959764,379.274470476305,1020.74480225194,2512.97004473815
E3,uw1,3,male,146.454043846086,415.514695798611,1100.38631379448,2490.0298498639
E3,uw1,4,male,142.566808768281,375.468096462094,1054.89067766159,2477.14260865554
E3,uw1,5,male,142.005858759895,381.160828913433,998.769865435801,2518.94959085769
E3,uw1,6,male,143.564988248408,378.950970180308,1067.93686753498,2639.49675374306
E3,uw1,7,male,148.360134764805,379.135022783918,1045.31347678491,2781.16749665337
E3,uw1,8,male,145.256961138855,401.917734620497,1048.21139351392,2474.22889170347
E3,uw1,9,male,140.82392418344,405.420248423517,1105.6580526764,2555.31986023045
E3,aa1,1,male,141.330962271991,749.68929313608,1285.11160875209,2112.04387191578
E3,aa1,2,male,137.499792467118,751.427848623157,1330.90748860516,2679.19023893632
E3,aa1,3,male,133.18944527359,729.829339191431,1272.0558984728,2583.58305116575
E3,aa1,4,male,131.49719644147,741.387647966511,1349.51700806618,2431.63051819255
E3,aa1,5,male,138.11009890716,746.582816420517,1323.39220591449,2173.08860528198
E3,aa1,6,male,133.127170000524,753.815902188382,1270.62803915564,2225.04339660452
E3,aa1,7,male,135.28154975624,745.647458262107,1381.80019992002,2581.88600070918
E3,aa1,8,male,134.919065607012,733.445965453231,1326.33389998675,2664.68639982266
E3,aa1,9,male,138.836174829224,758.344736905993,1413.34630908902,2571.32094987627
E4,iy1,1,female,289.67088618939,348.971332288448,3022.01200303532,3401.70899803023
E4,iy1,2,female,298.316934680354,336.482745771346,2899.26695829915,3323.96931250225
E4,iy1,3,female,291.401729799116,334.004855352726,2960.93841701979,3143.94888271085
E4,iy1,4,female,277.06078703798,338.916855939634,2873.24662039185,3188.32244517502
E4,iy1,5,female,283.852045711812,367.643375184279,2893.31625988706,3159.98454009244
E4,iy1,6,female,285.370299018938,353.20816139101,2985.59967958582,3260.97265608011
E4,iy1,7,female,294.385283219633,336.288226626556,2891.79262975182,2982.15249177879
E4,iy1,8,female,289.659364010882,346.036573361596,2879.45633076155,3332.83075999871
E4,iy1,9,female,302.291633878313,341.47664204572,2915.09670721978,3168.72059067924
E4,ih1,1,female,268.586257345416,548.237390354144,2572.24508149707,3069.12685013046
E4,ih1,2,female,276.958158964271,580.170769010868,2555.8923471108,3296.12625985675
E4,ih1,3,female,276.500203416168,550.280430296473,2541.31974057063,3037.6041709023
E4,ih1,4,female,257.098428357129,593.002280662322,2541.75177385585,3028.48917850121
E4,ih1,5,female,267.782188444921,613.07731635409,2422.41642909223,3161.26264800407
E4,ih1,6,female,261.444410779816,627.696790449868,2357.23102487732,2784.98758403344
E4,ih1,7,female,262.249003840794,572.734850090547,2431.78840755205,3256.20533196128
E4,ih1,8,female,274.771764496297,604.879592712022,2444.50867524782,2805.7216284589
E4,ih1,9,female,273.980908019678,571.749224256771,2465.64070738939,3291.55863110943
E4,eh1,1,female,256.769393964828,780.114895171885,2090.388195455,2646.03726618042
E4,eh1,2,female,250.647690649755,787.511346186314,2110.09592494965,2465.64033286692
E4,eh1,3,female,255.307286208706,784.327904021613,2013.39924390565,2547.62461416959
E4,eh1,4,female,246.089159863666,762.946721105255,2036.50806627776,2561.50629018954
E4,eh1,5,female,249.031783863879,789.953875327333,1985.9020950677,2429.46410671615
E4,eh1,6,female,248.729931448346,769.397139937977,2024.86186881689,2075.21272525429
E4,eh1,7,female,247.13091754604,782.912336966572,2046.21140765074,2230.20031776573
E4,eh1,8,female,252.739938500165,804.876891447086,1876.24538746795,2009.60351546026
E4,eh1,9,female,263.40773358324,798.879349984966,2086.96562295638,2584.36224090536
E4,ae1,1,female,258.389862970993,1042.50868375274,1694.27686753402,2301.8431024356
E4,ae1,2,female,262.207175002401,1022.56158228752,1736.25688199427,2296.5971509172
E4,ae1,3,female,268.619829965635,967.922627246857,1510.43745212034,1985.45201220158
E4,ae1,4,female,142.212893693635,933.221114524698,1705.59352200492,1885.17863419975
E4,ae1,5,female,129.804899479126,1006.33211723544,1494.31503562539,1806.37000322131
E4,ae1,6,female,255.703114842349,933.772570276518,1525.61274241269,1850.04120428743
E4,ae1,7,female,254.29703814617,1001.7058930163,1495.88679824758,1904.84819694423
E4,ae1,8,female,263.630204019221,1012.56855483428,1667.33540502674,1866.39609389597
E4,ae1,9,female,261.279209738515,998.183894561782,1633.37783982502,1887.97062688184
E4,ah1,1,female,286.462150958248,937.323325414842,1524.32407951982,2235.4937060022
E4,ah1,2,female,254.881403745878,920.062694385667,1673.07983416514,2106.0773975812
E4,ah1,3,female,281.574564886489,894.53926499261,1459.89624293321,1905.24442427218
E4,ah1,4,female,265.465218758946,898.453844626061,1699.20667287428,2027.41712044534
E4,ah1,5,female,273.049551482751,895.526342019609,1542.04821122243,1961.77658788592
E4,ah1,6,female,264.757665328385,882.066385788785,1539.41569321825,2042.59979100556
E4,ah1,7,female,136.379410745315,850.891915052197,1719.75223432385,2153.81736804449
E4,ah1,8,female,138.956476584423,894.079727297932,1548.24070001459,1712.89393305282
E4,ah1,9,female,142.954560135553,885.59843776837,1582.9554085145,2599.3462473093
E4,uh1,1,female,250.965764961931,683.531668749404,1838.47213404281,2669.33762392169
E4,uh1,2,female,270.547569065262,683.955345336072,1814.80724335442,3017.62158216043
E4,uh1,3,female,265.692378499101,726.386702561127,1698.85685373931,2160.42766692095
E4,uh1,4,female,127.470845310396,663.057965271838,1642.71070872767,1846.30729576969
E4,uh1,5,female,254.852633859857,704.535834684059,1794.71360370814,2549.82610694154
E4,uh1,6,female,265.604063736346,697.373051808137,1761.71762240217,2043.16924152178
E4,uh1,7,female,264.23903389356,686.095292169622,1683.48294249339,1926.98564839735
E4,uh1,8,female,266.606904047469,734.587271962845,1822.22167331724,2279.03902343867
E4,uh1,9,female,258.40864618298,757.181646507062,1848.15729069633,2576.47920507537
E4,uw1,1,female,266.170844909999,385.912703425625,1238.22457017088,2714.65458292274
E4,uw1,2,female,269.680687155712,397.385818345784,1259.12879744986,2563.12424646327
E4,uw1,3,female,263.156908157524,466.379017063009,1411.15530607814,2505.1644460151
E4,uw1,4,female,257.234687560584,471.218391460084,1344.90865133496,2537.73989841105
E4,uw1,5,female,269.556657139705,453.205960361289,1482.34603460969,3018.30129236125
E4,uw1,6,female,257.037851911762,464.965348221924,1353.89935631261,2789.75669123324
E4,uw1,7,female,261.980716780295,477.157366964115,1278.53135476203,2504.45138042932
E4,uw1,8,female,270.147069442007,442.859513648733,1569.01669294657,3118.97635820472
E4,uw1,9,female,268.904688838347,459.512402745868,1350.66407560128,2264.14597783011
E4,aa1,1,female,260.187079405868,974.005477393937,1385.0608166303,2140.15985789114
E4,aa1,2,female,255.282618657251,940.51996056832,1441.53464843905,1948.91601148196
E4,aa1,3,female,254.186698090306,921.969667630962,1506.14689701498,1587.16118548722
E4,aa1,4,female,263.409018925726,895.001509927831,1297.21390457779,1633.65571748516
E4,aa1,5,female,259.067340380965,894.16108997567,1508.2292263613,1881.65463528376
E4,aa1,6,female,256.910056413952,889.734596480502,1268.8787307126,1663.53196987109
E4,aa1,7,female,263.127274069186,956.348142854858,1462.60919264839,1713.58826464929
E4,aa1,8,female,264.224808733017,963.134636428107,1291.11247581296,1779.19708362531
E4,aa1,9,female,267.720928547411,980.068269287382,1458.86129324928,1950.36845828689
E5,iy1,1,female,185.320898574198,330.184885630455,3021.19345179888,3351.44032698461
E5,iy1,2,female,169.926370894476,344.150084480805,3109.28093952143,3414.00390989633
E5,iy1,3,female,171.179422990296,344.140180301299,3177.2142729077,3459.9854499027
E5,iy1,4,female,181.912233743711,343.412510986901,3018.33731943421,3251.18758504551
E5,iy1,5,female,177.227809775569,348.349896349715,3105.68821933564,3405.46520558203
E5,iy1,6,female,176.201452783093,348.939931972837,2903.69345188972,3020.08710544248
E5,iy1,7,female,170.608943256505,342.171170027002,3064.48593058575,3404.72475117781
E5,iy1,8,female,173.484963469545,325.52587318609,3014.27178686839,3410.64268707483
E5,iy1,9,female,170.829339796162,359.154899564242,2970.75637426425,3348.43890761608
E5,ih1,1,female,178.071558912116,529.539960652286,2396.19577362675,3284.73345684966
E5,ih1,2,female,178.908323385218,529.909232628044,2355.09917445555,3377.7953802761
E5,ih1,3,female,176.684141249809,512.509873095012,2358.93416570965,3374.48614012868
E5,ih1,4,female,173.468983092881,514.615121568914,2389.88967372091,3051.14492914234
E5,ih1,5,female,169.722535885684,501.624205178638,2365.18387544522,3117.83375937893
E5,ih1,6,female,168.949295953457,505.034923689988,2355.33984235149,3248.21132431071
E5,ih1,7,female,166.444376869784,507.73438298899,2391.39515315455,3337.11639139734
E5,ih1,8,female,168.709288092816,497.389443414013,2422.02861560505,3384.11840779348
E5,ih1,9,female,174.075550066591,524.715399314587,2394.1651817567,3298.07170067138
E5,eh1,1,female,167.518411277075,772.854684574647,2128.6602365522,3313.4631602568
E5,eh1,2,female,166.915518045537,779.841236882969,2124.12842417664,3334.50785926671
E5,eh1,3,female,180.051045286706,726.380819385868,2087.82434870888,3351.98075429454
E5,eh1,4,female,168.291727992192,700.275945261205,2258.09421513447,2903.8134603796
E5,eh1,5,female,155.738410605396,698.087841673144,2200.41729338468,3308.631957587
E5,eh1,6,female,157.595664418539,689.32519320882,2121.57210900715,3406.77663481727
E5,eh1,7,female,163.211723042592,720.920742374949,2114.6524400222,3336.66498691265
E5,eh1,8,female,159.963385851828,742.972812098408,2084.26631798793,3228.53250941952
E5,eh1,9,female,169.220915017835,706.939364595127,2152.82824558202,3302.48327907486
E5,ae1,1,female,161.484960588872,963.352344025322,1888.48320585999,3384.23758076976
E5,ae1,2,female,156.155198940509,962.355628830863,1902.91586684893,3256.70011006022
E5,ae1,3,female,158.037350877468,992.373755419101,1916.61100103869,3217.58238162358
E5,ae1,4,female,168.506737543899,987.766697175365,1904.55414111507,2768.06375946261
E5,ae1,5,female,158.811016983728,974.070221887304,1894.32214927752,2308.83243240155
E5,ae1,6,female,162.230105041318,950.262260570075,1899.26742751579,1936.58507434745
E5,ae1,7,female,156.616612693398,952.54851285182,1905.29024228232,3321.3692644687
E5,ae1,8,female,151.483761049971,934.413847779179,1897.24018287755,3315.97620334244
E5,ae1,9,female,170.556974510145,929.810524,1895.404863,3320.87558732276
E5,ah1,1,female,182.64704983152,891.270056787964,1643.66839385738,3378.31478538974
E5,ah1,2,female,194.783647577873,880.26158820106,1680.50112144297,3358.38486629319
E5,ah1,3,female,191.01578673802,880.827403874721,1572.77287306647,3294.25279109349
E5,ah1,4,female,167.393190009957,800.33370972011,1680.8371062421,2203.03227840714
E5,ah1,5,female,182.842997138508,810.863681488816,1618.59687995289,2056.67863635442
E5,ah1,6,female,176.324717244815,852.038588398666,1705.03596014904,3366.18245478658
E5,ah1,7,female,179.048237719556,877.083677069117,1581.0691596853,3426.07083379546
E5,ah1,8,female,182.552064049999,883.389746116141,1616.45646613834,2395.51444660718
E5,ah1,9,female,170.734575014275,828.328958844427,1610.06965247918,3293.3555727409
E5,uh1,1,female,165.793206736583,521.05386886855,1555.45453506046,3269.66912805452
E5,uh1,2,female,180.583462653594,540.386414205386,1593.02968222104,3273.1055087394
E5,uh1,3,female,171.260135564733,521.952986202427,1654.15471568807,3259.54840708962
E5,uh1,4,female,163.90351566974,509.108414884269,1638.45593694169,3242.74848836909
E5,uh1,5,female,167.230080414289,531.494517795701,1616.99817939246,3218.40546745539
E5,uh1,6,female,154.625923327532,520.110583520952,1517.49899970763,3253.43390639284
E5,uh1,7,female,154.602651866055,504.205394061981,1675.104664198,3194.6339413329
E5,uh1,8,female,153.379365373073,528.515310296131,1531.12208579887,3260.45290461687
E5,uh1,9,female,164.163301895623,520.693923807188,1724.10317938304,3198.19592799558
E5,uw1,1,female,163.178635613716,331.982416333495,1173.21558787594,3261.49348552581
E5,uw1,2,female,161.581768924842,355.594618520832,1256.06832887821,3214.29280437412
E5,uw1,3,female,174.879918161231,353.108661949103,1098.98556075104,3243.44951701552
E5,uw1,4,female,165.787895766209,349.271782044637,1180.83194087717,3210.85250130904
E5,uw1,5,female,151.167892779916,427.12893422504,1336.87948015688,3220.7549528955
E5,uw1,6,female,163.485228672628,357.924787787273,1293.80258896932,3179.44702505343
E5,uw1,7,female,153.152468372736,385.455974126994,1345.30506906823,3168.65522126597
E5,uw1,8,female,157.012921678368,378.877582463042,1271.71488697735,3187.32221568267
E5,uw1,9,female,164.686359000143,354.73521109456,1301.11129713793,3234.65657080589
E5,aa1,1,female,160.39424874073,842.29206984648,1359.55144782279,3402.96652446038
E5,aa1,2,female,158.014316841394,854.660753861573,1245.95709563585,3453.27937479058
E5,aa1,3,female,159.615083877984,903.901965366306,1366.54205401767,2681.22219456479
E5,aa1,4,female,161.260563407523,848.819826317073,1274.49120087893,1887.28471057106
E5,aa1,5,female,156.431166507341,863.079881863059,1305.03860209076,3452.23994706269
E5,aa1,6,female,156.518773079664,820.150347700561,1311.86657092328,3397.00123013759
E5,aa1,7,female,165.154723388735,860.714026504529,1273.47633278863,3084.25297947696
E5,aa1,8,female,149.729775008407,842.145003509511,1306.49849517322,3184.20249503892
E5,aa1,9,female,158.558888141494,890.211686728304,1415.79480493805,3270.44334261131
E6,iy1,1,female,190.986908929825,373.826560959652,2673.18550343136,2708.99300200091
E6,iy1,2,female,204.116004260399,385.385730756258,2732.54394506024,3298.52587187504
E6,iy1,3,female,190.258937824271,376.974526161191,2766.73099785396,3314.27879904138
E6,iy1,4,female,200.000027057479,389.987837441389,2792.04781151097,3056.08246949411
E6,iy1,5,female,191.619007463725,378.085732122522,2661.98505513862,3537.09826496067
E6,iy1,6,female,204.708029847128,384.644641155522,2678.92938476782,2832.0972246891
E6,iy1,7,female,101.265774469934,391.593429337283,2736.05520500363,3046.1861124597
E6,iy1,8,female,201.624203611847,381.025586380592,2692.60168683445,3116.5214448366
E6,iy1,9,female,193.102876151001,384.811855755246,2669.23874675695,2928.00464119669
E6,ih1,1,female,181.810937316784,520.868567919982,2186.14211399315,3106.27175344306
E6,ih1,2,female,180.436708328023,519.691209535014,2156.39712898064,3219.14323202542
E6,ih1,3,female,171.900056936926,519.19764789778,2167.15958530434,3014.40052850878
E6,ih1,4,female,175.160969663795,529.087992006308,2092.26527354228,3006.18297155231
E6,ih1,5,female,180.406322699971,535.251255700828,2141.23646341057,3065.19559091689
E6,ih1,6,female,181.757422892145,537.970429799242,2101.02715444702,2954.07906115714
E6,ih1,7,female,178.13670055981,541.154671340638,2068.58126405704,2902.3044295246
E6,ih1,8,female,171.037378229743,512.524537152619,2128.11484696688,2570.41151202759
E6,ih1,9,female,174.105958976365,522.833831019573,2173.3965935288,2918.6035191909
E6,eh1,1,female,165.229883550316,664.505711421414,1852.97137897287,2830.31274861237
E6,eh1,2,female,164.84016477618,681.477069606169,1809.85244309353,2655.99704323419
E6,eh1,3,female,129.733090070278,687.971184821519,1754.17430154205,2717.1848641015
E6,eh1,4,female,174.220089794747,695.984497895971,1747.46242814066,2986.77085131713
E6,eh1,5,female,159.059579489892,673.031039887138,1768.92791667688,2564.48291828157
E6,eh1,6,female,164.951652133845,673.654101749996,1790.42464141769,2528.77764461316
E6,eh1,7,female,167.124072738739,712.704852428623,1749.84656899402,2771.44422704422
E6,eh1,8,female,82.996330871717,694.875782535407,1775.1091297744,2629.47931855665
E6,eh1,9,female,78.1433930000939,690.526130741111,1795.65135039455,2663.50394328752
E6,ae1,1,female,85.9664712087278,875.129502501479,1618.52901588426,2153.2907714984
E6,ae1,2,female,83.1040814677714,823.673961043322,1572.36290286912,2257.58208819466
E6,ae1,3,female,81.9526030576378,795.174742825103,1617.27977886481,1821.06715728004
E6,ae1,4,female,178.031148356429,796.329443649817,1637.63054944331,2558.24417897346
E6,ae1,5,female,172.422384589966,816.799619710532,1620.62112999917,2460.37857704144
E6,ae1,6,female,177.672744282733,819.045767511232,1629.46674958093,2443.10784227708
E6,ae1,7,female,177.632513956021,823.991438112,1615.30289768289,2444.70894918479
E6,ae1,8,female,167.926650550818,829.763437750333,1550.74281529506,2514.59762026992
E6,ae1,9,female,166.222121406395,825.310646424707,1579.7454703053,2413.30029116647
E6,ah1,1,female,170.708309618346,759.430647715554,1416.00087030238,2680.63601767644
E6,ah1,2,female,169.875245497194,740.06524863979,1439.98138077807,2509.03895889029
E6,ah1,3,female,81.1468541068879,723.28023916822,1416.54078959026,2484.9584057259
E6,ah1,4,female,171.982489166928,700.962555671328,1579.42732329836,2573.63936050081
E6,ah1,5,female,167.495945225151,678.876088846533,1596.43596017913,2574.07580790412
E6,ah1,6,female,160.982594633648,744.952648002992,1377.47943990094,2433.93286460774
E6,ah1,7,female,170.127283263555,723.539406435523,1508.3763644128,2594.75484944663
E6,ah1,8,female,155.988639418629,712.096956130903,1469.53208020254,2524.20141638044
E6,ah1,9,female,156.668808396425,722.555179697036,1472.49046374783,2605.33191601438
E6,uh1,1,female,183.62460945726,553.409314265095,1493.78955681779,2788.88189380011
E6,uh1,2,female,173.422542623999,533.954071004639,1491.7626336651,2857.27852345265
E6,uh1,3,female,168.130711554365,543.923313627227,1471.0813042144,2640.97879416898
E6,uh1,4,female,178.434733574348,548.326334868852,1542.08041651737,2740.09566039982
E6,uh1,5,female,128.969810960771,529.220888877151,1521.0920181974,2532.38580201511
E6,uh1,6,female,176.215834757213,542.695863676959,1476.57055049829,2590.49497215218
E6,uh1,7,female,172.302582599877,562.785776966513,1514.4798137091,2476.33744861
E6,uh1,8,female,177.085729068756,581.8929254177,1607.15123158317,3084.29626299531
E6,uw1,1,female,171.077397479604,380.067830356314,1262.89897797804,2659.60437528895
E6,uw1,2,female,152.364380830719,353.152960379623,1272.78986515317,2545.14955302854
E6,uw1,3,female,175.08973654965,358.105501683577,1234.35479698811,2323.85058211011
E6,uw1,4,female,155.898507460904,364.549901460006,1331.52554283244,2613.38660434145
E6,uw1,5,female,204.173832311994,412.256577593088,1057.97998311542,2682.70520391091
E6,uw1,6,female,167.684091113799,368.830531308162,1226.1175068757,1957.31022933085
E6,uw1,7,female,165.219047956154,352.384715,1231.527066,2718.5944763617
E6,uw1,8,female,161.932531074524,373.79077651552,1292.48467979017,2662.55411489109
E6,uw1,9,female,164.473618831485,356.514445850922,1321.10842894509,2320.35742210486
E6,aa1,1,female,167.766876011336,809.119663102973,1279.87588620076,1601.43613705897
E6,aa1,2,female,170.956417959588,811.009008691026,1259.39990386813,1861.17331124015
E6,aa1,3,female,158.584679529648,796.17741071108,1271.05970131757,1727.98097065979
E6,aa1,4,female,132.498925934593,797.803031238961,1289.42591411545,2538.54985807675
E6,aa1,5,female,168.832182633854,826.572543476747,1308.24352998745,2178.77949243534
E6,aa1,6,female,176.253880142484,801.613942118445,1284.99952118839,2472.31672852312
E6,aa1,7,female,177.520251569522,815.890087632969,1310.59730975488,2360.5590162825
E6,aa1,8,female,166.959046739189,816.33557172289,1289.02584541666,2465.54983201484
E6,aa1,9,female,174.389265074837,830.671715076143,1321.83109616256,2472.60245149672
E7,iy1,1,male,129.541597236521,305.739635456791,2346.72495640279,2820.46444381067
E7,iy1,2,male,121.295350485522,326.518396315143,2397.79592050966,2902.10917132233
E7,iy1,3,male,120.503495672766,286.99480885254,2319.46680392645,2697.74643537726
E7,iy1,4,male,121.651457094493,292.469854425141,2349.03570280671,3080.77214040209
E7,iy1,5,male,117.629536185922,303.553698443283,2316.9110509831,2940.15423772952
E7,iy1,6,male,115.550047802273,311.405338653705,2329.10173889876,2792.0073483878
E7,iy1,7,male,117.027567867425,331.25932575959,2380.06671212832,3024.13626789707
E7,iy1,8,male,111.172580201354,310.734171506917,2359.42126950139,2877.65297038076
E7,iy1,9,male,114.913149076447,312.672964031034,2351.52759390028,2931.36507265734
E7,ih1,1,male,118.115353099467,430.004192812275,1895.84595417328,2446.57913526222
E7,ih1,2,male,111.054488897218,436.472606501103,1991.80361816225,2548.63846682941
E7,ih1,3,male,108.19905965421,420.625022991226,2028.08889641655,2628.92096267299
E7,ih1,4,male,114.894384452193,413.861680734722,1554.28672402359,2036.86885724653
E7,ih1,5,male,110.147485397334,433.281138029393,1636.84825581413,2340.18591623532
E7,ih1,6,male,106.076872786196,426.295593890178,1984.74881454761,2520.31457998429
E7,ih1,7,male,110.815461007473,438.428481881413,2035.88260437543,2502.19575890196
E7,ih1,8,male,104.566170670047,429.570883702771,1961.85870020401,2541.07181764173
E7,ih1,9,male,107.584781599665,436.222901410617,1760.34705667416,2349.95183313357
E7,eh1,1,male,105.979618927953,527.819088639676,1626.26173251915,2459.67141568093
E7,eh1,2,male,102.463163788666,503.784695423816,1848.38632776959,2520.01584703693
E7,eh1,3,male,103.836435063466,503.185672506139,1809.63283753239,2439.39072792292
E7,eh1,4,male,104.274871484163,520.664877915433,1736.85149414928,2453.99664810377
E7,eh1,5,male,106.777528901032,519.218181356229,1704.92232145664,2363.32285624204
E7,eh1,6,male,104.854194932245,519.814099618046,1777.61728080074,2549.56757498714
E7,eh1,7,male,104.787114565424,522.495275814864,1845.55032050737,2455.54328072773
E7,eh1,8,male,102.548972314332,532.563033159084,1845.74150578465,2448.0619141403
E7,eh1,9,male,102.567541189771,505.101375203845,1790.83500572738,2504.81540401771
E7,ae1,1,male,104.937765443892,637.961496840103,1735.54746416793,2428.91708586179
E7,ae1,2,male,101.571558034295,602.395897266209,1676.62240057035,2450.8028859399
E7,ae1,3,male,102.423543229277,626.931624585308,1753.84666583049,2503.78051512239
E7,ae1,4,male,103.341155326422,628.996133896729,1722.26289694744,2425.53453206896
E7,ae1,5,male,103.846721644569,588.653205204813,1677.3749594414,2400.19997894949
E7,ae1,6,male,104.359999592689,646.488918884178,1765.31951209221,2547.27885996231
E7,ae1,7,male,104.321378459855,661.943220491874,1732.78190865708,2422.38230146359
E7,ae1,8,male,104.315805458729,645.660258002417,1730.86852771648,2509.40628174074
E7,ae1,9,male,106.603622117241,667.732951092517,1685.53710453051,2431.72761906898
E7,ah1,1,male,109.194080028634,603.424911632083,1270.21848227503,2279.34281365619
E7,ah1,2,male,103.8998387657,622.856915106039,1397.11660120619,2339.60146731025
E7,ah1,3,male,99.8194341155819,634.843836482507,1381.68475272884,2269.4055569102
E7,ah1,4,male,105.815680013638,625.446181040024,1429.01626516542,2309.29975821987
E7,ah1,5,male,104.02018810014,604.838544656215,1341.78243525471,2269.51696532545
E7,ah1,6,male,108.538209722325,654.699100293426,1323.86976693557,2300.56214730015
E7,ah1,7,male,102.851711987292,609.71658598857,1317.71510709949,2266.03683498273
E7,ah1,8,male,102.146644615942,593.895452149777,1385.43704980268,2372.94470913295
E7,ah1,9,male,102.653858419341,601.662420569549,1423.84581680261,2361.6284441856
E7,uh1,1,male,108.06209147956,444.154394001583,1200.56008799245,2428.67772298332
E7,uh1,2,male,113.953616303552,425.048850550612,1474.88491880221,2454.78514950628
E7,uh1,3,male,114.798309476993,441.68503162968,1163.70997476501,1648.37047817221
E7,uh1,4,male,112.868460420852,436.598094769573,1411.89778166153,2435.66207871633
E7,uh1,5,male,112.180237623098,444.797643697585,1322.75669456595,1998.97720675588
E7,uh1,6,male,108.796560840937,439.018606176445,1227.72856288758,2347.25182398237
E7,uh1,7,male,105.50587778552,422.240318503751,1372.3816566779,2297.52586841277
E7,uh1,8,male,104.417494921558,431.386583367973,1177.93563724029,2570.94618204919
E7,uh1,9,male,106.447586375145,420.910382659264,1384.85390461781,2192.22070444252
E7,uw1,1,male,107.520312308016,317.068823546653,1580.08599767558,2334.60068755103
E7,uw1,2,male,109.500710867463,327.047202223128,1755.32937901925,2419.26342269796
E7,uw1,3,male,105.385196985659,316.596744531306,2205.58949051876,2704.9108116666
E7,uw1,4,male,107.736761718971,323.144977289084,1372.58950843458,2522.41224424229
E7,uw1,5,male,106.941664423285,322.650241854541,1192.10410479499,2355.13035723142
E7,uw1,6,male,109.82450916178,316.044298996353,758.148059995571,2435.26607131408
E7,uw1,7,male,105.197150383009,300.140451740979,468.725948512603,2412.18439560749
E7,uw1,8,male,105.051252999441,303.619075550712,639.208724123134,2420.50126364637
E7,uw1,9,male,107.150064242866,333.54770338204,939.504848041724,2263.84619643146
E7,aa1,1,male,102.090068757246,612.804153875961,1128.480493135,2345.75584790523
E7,aa1,2,male,100.770949070621,596.607911238551,1140.70196200272,2400.03642878591
E7,aa1,3,male,98.9684056940385,603.645928214726,1095.4062936465,2328.48933846943
E7,aa1,4,male,102.136492211482,623.400670995212,1197.10395590487,2302.9669492209
E7,aa1,5,male,101.394324172194,611.424764128577,1182.80437420428,2350.5326859318
E7,aa1,6,male,107.35152916936,652.322710303847,1171.72310772122,2160.06916089324
E7,aa1,7,male,102.336180054489,618.584288270338,1199.73212302501,2162.63214605837
E7,aa1,8,male,102.897342233294,612.803150609383,1145.35147610929,2098.02632045906
E7,aa1,9,male,102.90623853178,592.147287427871,1144.72343913297,2137.75854243516
E9,iy1,1,male,144.242967302058,290.956695938256,2414.16585032451,2684.3358418333
E9,iy1,2,male,132.502239087339,257.232312805633,2505.67819079246,2957.73940877815
E9,iy1,3,male,134.466317051994,284.770409435763,2436.00277881568,2915.85393250717
E9,iy1,4,male,129.144418375443,264.633099763193,2407.32222825897,2944.29391841231
E9,iy1,5,male,127.524406392188,259.943254327599,2395.00676606184,2891.14286409412
E9,iy1,6,male,126.008466933606,244.988797026,2474.9147415979,2969.72365114364
E9,iy1,7,male,126.17441419612,260.042606321639,2411.5422556812,2691.49862762179
E9,iy1,8,male,124.33709816269,262.577006230164,2408.21804792346,2892.80703124489
E9,iy1,9,male,122.672684046686,252.665244077516,2417.1209887512,2808.03355491506
E9,ih1,1,male,135.195588251888,506.060616899353,1855.45427801217,2603.06215975356
E9,ih1,2,male,120.637717727833,465.679584029559,1920.72837986916,2658.60906745723
E9,ih1,3,male,126.906671619013,503.328727028702,1862.41790089298,2517.89862915541
E9,ih1,4,male,120.780197482481,463.452423783272,1924.68646992486,2675.47766749852
E9,ih1,5,male,130.855856818997,507.880103096222,1847.90684995205,2668.26531083106
E9,ih1,6,male,126.261269327857,495.668331112354,1902.83467663567,2721.07586755867
E9,ih1,7,male,121.698311029687,494.498630009835,1855.36616899817,2629.63825880838
E9,ih1,8,male,124.096729742671,482.952869596387,1913.92353577552,2691.08237231509
E9,ih1,9,male,126.837364656184,500.456513210871,1928.61546214683,2777.91041554029
E9,eh1,1,male,132.120978041401,641.662690678276,1682.07417712934,2452.59094023623
E9,eh1,2,male,125.876197627188,662.872477227939,1714.18003836795,2425.0160895699
E9,eh1,3,male,115.01065234471,669.926638600428,1719.90658619829,2303.17418493052
E9,eh1,4,male,121.820649570766,647.002382758798,1726.44341439205,2572.2701491574
E9,eh1,5,male,119.174860350154,707.382752143032,1698.96445955897,1965.66976457403
E9,eh1,6,male,122.985150378512,657.034578415934,1733.07919867016,2315.7781885231
E9,eh1,7,male,123.639743143411,636.376481648562,1710.63120821965,1946.44849590983
E9,eh1,8,male,121.960738817349,661.458610953503,1720.44335008695,2422.81876406179
E9,eh1,9,male,122.128013989939,628.839210122238,1750.99973750722,2077.03755689876
E9,ae1,1,male,119.899932512277,751.643603639907,1554.13970583402,2205.42502261244
E9,ae1,2,male,120.974141223817,839.798560245552,1580.27398484798,2210.06520735838
E9,ae1,3,male,114.054900600728,747.821791646231,1582.88082586589,2106.70149840114
E9,ae1,4,male,124.325829868173,737.222159896166,1672.5112137159,2469.34691012977
E9,ae1,5,male,121.019127397877,721.9593656806,1624.20955757217,1802.5951309501
E9,ae1,6,male,122.428825255333,748.403461645677,1499.99874026281,1925.73532964625
E9,ae1,7,male,124.053524250666,726.486649782781,1619.7491781474,1967.23766403713
E9,ae1,8,male,122.300840069806,799.824171417553,1616.23856933621,2465.11446352607
E9,ae1,9,male,120.962667409622,737.85433575876,1526.9943194718,1813.539853322
E9,ah1,1,male,127.730588894243,657.77571960432,1456.22536012916,2502.50855637678
E9,ah1,2,male,121.346495169284,688.094074409422,1385.37678398242,2561.71698168798
E9,ah1,3,male,113.012144441286,639.782735723708,1443.4358118751,2634.02436598079
E9,ah1,4,male,122.639508223046,683.806910578496,1375.77554636158,2368.16631981936
E9,ah1,5,male,120.151882017417,685.5339552463,1398.18474928406,1969.09042820015
E9,ah1,6,male,124.476367222602,673.08394962859,1422.79460605088,2173.07219676431
E9,ah1,7,male,125.866768647843,701.194138691305,1384.31523222893,2533.98793153623
E9,ah1,8,male,122.095094160392,673.255469395114,1414.35764757486,2030.64576569511
E9,ah1,9,male,129.602889112999,674.305837399582,1498.35340309579,2151.82755871433
E9,uh1,1,male,123.830962323676,473.842320078458,1466.14347199656,2563.85256782589
E9,uh1,2,male,128.150149892114,508.775150149019,1515.3927150093,2575.74459183154
E9,uh1,3,male,124.866131857031,499.131912143291,1362.55815813543,2714.08158703267
E9,uh1,4,male,122.866255976085,522.104244499131,1414.94658444988,2534.88029761493
E9,uh1,5,male,126.122272600274,528.667562506511,1494.9578454853,2643.94541413357
E9,uh1,6,male,126.130819382415,517.387601248347,1455.92120088913,2546.80089791396
E9,uh1,7,male,119.206848933873,476.726684893468,1438.85864407996,2640.99327329224
E9,uh1,8,male,122.144845514398,498.338522730149,1491.84965003848,2590.59477533698
E9,uh1,9,male,127.080261005846,500.584506944237,1377.19189381165,2680.70573493249
E9,uw1,1,male,130.670391009043,307.677325387168,1179.29322323049,2589.18824241637
E9,uw1,2,male,134.212284210591,320.147016742121,1240.76851455862,2592.47541781535
E9,uw1,3,male,125.8234805827,310.93597368745,1175.40213085649,2462.71894222377
E9,uw1,4,male,128.766038048129,318.97997447617,1239.83640789783,2583.45280398769
E9,uw1,5,male,125.717047282466,307.312765156706,1145.17638306563,2556.25940664238
E9,uw1,6,male,129.322311155522,330.115027030568,1283.07788056638,2549.88271283936
E9,uw1,7,male,122.819771844597,303.328009936995,1209.47275457138,2555.54462113716
E9,uw1,8,male,131.599810547469,343.226624671692,1242.4725867573,2578.15271481171
E9,uw1,9,male,129.723314286675,341.275007781887,1214.5535033417,2524.28555833912
E9,aa1,1,male,118.256209955531,800.627787361027,1336.62693458395,2582.47401405373
E9,aa1,2,male,116.999280180754,854.544818317579,1309.21603354726,2640.2421145982
E9,aa1,3,male,137.600191136225,755.348153685056,1247.97351888634,2389.76711234733
E9,aa1,4,male,128.738653445917,773.147868488236,1319.45015437359,2436.41047097918
E9,aa1,5,male,123.963656584184,778.60209370273,1274.07491329225,2369.77638801196
E9,aa1,6,male,126.330709948998,812.018686433094,1294.26384804991,2463.58648875803
E9,aa1,7,male,124.104611643798,791.199934844765,1297.24194369111,2257.45973933044
E9,aa1,8,male,123.755022072315,786.100632174711,1248.93954879893,2445.19979800168
E9,aa1,9,male,120.942341944088,765.258590939449,1331.33979454056,2211.53711008659
